t,t,t,t,t,t,t,t,b,b,b,b,t,t,t,t,t,t,t,t,
t,x,x,x,x,x,x,x,x,x,x,x,x,x,x,x,x,x,x,t,
t,x,x,x,x,x,x,x,x,x,x,x,x,x,x,x,x,x,x,t,
t,x,x,x,x,t,t,t,x,x,e,x,x,x,x,x,x,x,x,t,
t,x,x,x,x,x,x,x,x,x,x,x,t,t,t,t,x,x,x,t,
t,x,e,x,x,x,x,x,x,x,x,x,x,x,x,x,x,x,x,t,
t,x,x,x,x,x,x,x,x,x,x,x,x,x,x,x,x,x,x,t,
w,w,w,y,y,w,w,w,w,w,w,w,w,w,w,y,y,w,w,w,
w,w,w,y,y,w,w,w,w,w,w,w,w,w,w,y,y,w,w,w,
w,w,w,y,y,w,w,w,w,w,w,w,w,w,w,y,y,w,w,w,
t,x,x,x,x,x,x,x,x,x,x,x,x,x,x,x,x,x,x,t,
a,x,x,x,x,t,x,x,x,x,x,x,x,x,e,x,x,x,x,t,
t,x,x,x,x,t,x,x,x,x,x,x,x,x,x,x,t,x,x,t,
t,x,x,x,x,x,x,x,x,x,x,x,x,x,x,x,x,t,x,t,
t,x,x,x,t,x,x,x,t,t,t,t,x,x,x,x,x,t,x,t,
t,x,x,t,x,x,x,t,t,x,x,t,t,x,x,x,x,x,x,t,
t,t,x,x,x,e,x,x,x,x,x,x,x,x,x,x,x,x,t,t,
t,t,t,x,x,x,x,x,x,x,x,x,x,x,e,x,x,t,t,t,
t,t,t,x,x,x,x,x,x,x,x,x,x,x,x,x,x,t,t,t,
t,t,t,t,x,x,x,x,x,x,x,x,x,x,x,x,t,t,t,t,
