w,w,w,w,t,t,t,t,t,b,b,t,t,t,t,t,w,w,w,w
w,w,w,w,w,t,x,x,x,x,x,x,x,x,t,w,w,w,w,w
w,w,w,w,w,w,t,x,e,x,x,x,x,t,w,w,w,w,w,w
w,w,w,w,w,w,w,t,x,x,x,x,t,w,w,w,w,w,w,w
w,w,w,w,w,w,w,w,t,x,x,t,w,w,w,w,w,w,w,t
t,t,w,w,w,w,w,w,w,y,y,w,w,w,w,w,w,w,t,t
t,x,t,w,w,w,w,w,w,y,y,w,w,w,w,w,w,t,x,t
t,x,x,t,w,w,w,w,w,y,y,w,w,w,w,w,t,x,x,t
t,x,x,x,t,w,w,w,w,y,y,w,w,w,w,t,x,x,x,t
b,x,x,x,x,y,y,y,y,x,x,y,y,y,y,x,x,x,x,b
b,x,x,x,x,y,y,y,y,x,x,y,y,y,y,x,x,e,x,b
t,e,x,x,t,w,w,w,w,y,y,w,w,w,w,t,x,x,x,t
t,x,x,t,w,w,w,w,w,y,y,w,w,w,w,w,t,x,x,t
t,x,t,w,w,w,w,w,w,y,y,w,w,w,w,w,w,t,x,t
t,t,w,w,w,w,w,w,w,y,y,w,w,w,w,w,w,w,t,t
t,w,w,w,w,w,w,w,t,x,x,a,w,w,w,w,w,w,w,t
w,w,w,w,w,w,w,t,x,x,x,x,t,w,w,w,w,w,w,w
w,w,w,w,w,w,t,x,e,x,x,x,x,t,w,w,w,w,w,w
w,w,w,w,w,t,x,x,x,x,x,x,x,x,t,w,w,w,w,w
w,w,w,w,t,t,t,t,t,b,b,t,t,t,t,t,w,w,w,w
